RET_RR,RET_CG,RET_DCG,RET_NDCG,A_BL_BL,A_BL_PR,A_BL_BREV,A_BL_LR,A_BL_LEN,A_BL_REF_LEN,A_RG1,A_RG2,A_RGL,A_RGL_SUM,A_BERT_RAG_PR,A_BERT_RAG_RC,A_BERT_RAG_F1,A_BERT_PR,A_BERT_RC,A_BERT_F1,A_AR_PR,A_AR_RC,A_AR_F1,RET_RC_1,RET_RC_2,RET_RC_3,RET_RC_4,RET_RC_5,RET_RC_6,RET_RC_7,RET_RC_8,RET_RC_9,RET_RC_10,RET_RC_11,RET_RC_12,RET_RC_13,RET_RC_14,RET_RC_15,RET_RC_16,RET_RC_17,RET_RC_18,RET_RC_19,RET_RC_20,RET_PR_1,RET_PR_2,RET_PR_3,RET_PR_4,RET_PR_5,RET_PR_6,RET_PR_7,RET_PR_8,RET_PR_9,RET_PR_10,RET_PR_11,RET_PR_12,RET_PR_13,RET_PR_14,RET_PR_15,RET_PR_16,RET_PR_17,RET_PR_18,RET_PR_19,RET_PR_20,RET_F1_1,RET_F1_2,RET_F1_3,RET_F1_4,RET_F1_5,RET_F1_6,RET_F1_7,RET_F1_8,RET_F1_9,RET_F1_10,RET_F1_11,RET_F1_12,RET_F1_13,RET_F1_14,RET_F1_15,RET_F1_16,RET_F1_17,RET_F1_18,RET_F1_19,RET_F1_20,RET_AP_1,RET_AP_2,RET_AP_3,RET_AP_4,RET_AP_5,RET_AP_6,RET_AP_7,RET_AP_8,RET_AP_9,RET_AP_10,RET_AP_11,RET_AP_12,RET_AP_13,RET_AP_14,RET_AP_15,RET_AP_16,RET_AP_17,RET_AP_18,RET_AP_19,RET_AP_20
0.0,0,0.0,0.0,0.003560788933770216,0.0037640239393391525,1.0,155.16666666666666,931,6,0.01295336787564767,0.01038961038961039,0.01295336787564767,0.01295336787564767,0.7362774610519409,0.8612126111984253,0.793859601020813,0.0,0.0,0.0,0.8618201017379761,0.8726014494895935,0.8670238852500916,0.0,0.0,0.0,0.0,0.0,0.0,0.0,0.0,0.0,0.0,0.0,0.0,0.0,0.0,0.0,0.0,0.0,0.0,0.0,0.0,0.0,0.0,0.0,0.0,0.0,0.0,0.0,0.0,0.0,0.0,0.0,0.0,0.0,0.0,0.0,0.0,0.0,0.0,0.0,0.0,0.0,0.0,0.0,0.0,0.0,0.0,0.0,0.0,0.0,0.0,0.0,0.0,0.0,0.0,0.0,0.0,0.0,0.0,0.0,0.0,0.0,0.0,0.0,0.0,0.0,0.0,0.0,0.0,0.0,0.0,0.0,0.0,0.0,0.0,0.0,0.0,0.0,0.0,0.0,0.0
0.0,0,0.0,0.0,0.003172259313431856,0.004656514451309387,1.0,53.72222222222222,967,18,0.023255813953488372,0.009324009324009324,0.020930232558139538,0.023255813953488372,0.7508847713470459,0.8623976707458496,0.802787184715271,0.0,0.0,0.0,0.8953395485877991,0.9169206619262695,0.9059983491897583,0.0,0.0,0.0,0.0,0.0,0.0,0.0,0.0,0.0,0.0,0.0,0.0,0.0,0.0,0.0,0.0,0.0,0.0,0.0,0.0,0.0,0.0,0.0,0.0,0.0,0.0,0.0,0.0,0.0,0.0,0.0,0.0,0.0,0.0,0.0,0.0,0.0,0.0,0.0,0.0,0.0,0.0,0.0,0.0,0.0,0.0,0.0,0.0,0.0,0.0,0.0,0.0,0.0,0.0,0.0,0.0,0.0,0.0,0.0,0.0,0.0,0.0,0.0,0.0,0.0,0.0,0.0,0.0,0.0,0.0,0.0,0.0,0.0,0.0,0.0,0.0,0.0,0.0,0.0,0.0
0.0,0,0.0,0.0,0.0,0.0018259065554825506,1.0,239.75,959,4,0.007151370679380214,0.0047789725209080045,0.007151370679380214,0.007151370679380214,0.7387354969978333,0.8866522312164307,0.805963397026062,0.0,0.0,0.0,0.888239324092865,0.8560551404953003,0.8718347251415253,0.0,0.0,0.0,0.0,0.0,0.0,0.0,0.0,0.0,0.0,0.0,0.0,0.0,0.0,0.0,0.0,0.0,0.0,0.0,0.0,0.0,0.0,0.0,0.0,0.0,0.0,0.0,0.0,0.0,0.0,0.0,0.0,0.0,0.0,0.0,0.0,0.0,0.0,0.0,0.0,0.0,0.0,0.0,0.0,0.0,0.0,0.0,0.0,0.0,0.0,0.0,0.0,0.0,0.0,0.0,0.0,0.0,0.0,0.0,0.0,0.0,0.0,0.0,0.0,0.0,0.0,0.0,0.0,0.0,0.0,0.0,0.0,0.0,0.0,0.0,0.0,0.0,0.0,0.0,0.0
0.0,0,0.0,0.0,0.012463270186790536,0.012558289711561395,1.0,66.92857142857143,937,14,0.02380952380952381,0.021479713603818614,0.02380952380952381,0.02380952380952381,0.7569930553436279,0.9117291569709778,0.8271870017051697,0.0,0.0,0.0,0.9252197742462158,0.916352242231369,0.9207412600517273,0.0,0.0,0.0,0.0,0.0,0.0,0.0,0.0,0.0,0.0,0.0,0.0,0.0,0.0,0.0,0.0,0.0,0.0,0.0,0.0,0.0,0.0,0.0,0.0,0.0,0.0,0.0,0.0,0.0,0.0,0.0,0.0,0.0,0.0,0.0,0.0,0.0,0.0,0.0,0.0,0.0,0.0,0.0,0.0,0.0,0.0,0.0,0.0,0.0,0.0,0.0,0.0,0.0,0.0,0.0,0.0,0.0,0.0,0.0,0.0,0.0,0.0,0.0,0.0,0.0,0.0,0.0,0.0,0.0,0.0,0.0,0.0,0.0,0.0,0.0,0.0,0.0,0.0,0.0,0.0
0.0,0,0.0,0.0,0.009469843762811589,0.01018197007332013,1.0,59.0,885,15,0.03270440251572327,0.02269861286254729,0.027672955974842768,0.03270440251572327,0.7577264308929443,0.8839166164398193,0.8159714937210083,0.0,0.0,0.0,0.8924662470817566,0.8976415693759918,0.895026296377182,0.0,0.0,0.0,0.0,0.0,0.0,0.0,0.0,0.0,0.0,0.0,0.0,0.0,0.0,0.0,0.0,0.0,0.0,0.0,0.0,0.0,0.0,0.0,0.0,0.0,0.0,0.0,0.0,0.0,0.0,0.0,0.0,0.0,0.0,0.0,0.0,0.0,0.0,0.0,0.0,0.0,0.0,0.0,0.0,0.0,0.0,0.0,0.0,0.0,0.0,0.0,0.0,0.0,0.0,0.0,0.0,0.0,0.0,0.0,0.0,0.0,0.0,0.0,0.0,0.0,0.0,0.0,0.0,0.0,0.0,0.0,0.0,0.0,0.0,0.0,0.0,0.0,0.0,0.0,0.0
0.0,0,0.0,0.0,0.003097569238667133,0.0032745287465058186,1.0,214.0,1070,5,0.008998875140607425,0.006764374295377678,0.008998875140607425,0.008998875140607425,0.7306994199752808,0.8063088655471802,0.7666444778442383,0.0,0.0,0.0,0.8094937801361084,0.9129858314990997,0.8580822646617889,0.0,0.0,0.0,0.0,0.0,0.0,0.0,0.0,0.0,0.0,0.0,0.0,0.0,0.0,0.0,0.0,0.0,0.0,0.0,0.0,0.0,0.0,0.0,0.0,0.0,0.0,0.0,0.0,0.0,0.0,0.0,0.0,0.0,0.0,0.0,0.0,0.0,0.0,0.0,0.0,0.0,0.0,0.0,0.0,0.0,0.0,0.0,0.0,0.0,0.0,0.0,0.0,0.0,0.0,0.0,0.0,0.0,0.0,0.0,0.0,0.0,0.0,0.0,0.0,0.0,0.0,0.0,0.0,0.0,0.0,0.0,0.0,0.0,0.0,0.0,0.0,0.0,0.0,0.0,0.0
0.0,0,0.0,0.0,0.0,0.00021570319240724764,1.0,386.3333333333333,1159,3,0.0,0.0,0.0,0.0,0.6985636949539185,0.8774784803390503,0.7778657078742981,0.0,0.0,0.0,0.9400439858436584,0.9447744488716125,0.9423546195030212,0.0,0.0,0.0,0.0,0.0,0.0,0.0,0.0,0.0,0.0,0.0,0.0,0.0,0.0,0.0,0.0,0.0,0.0,0.0,0.0,0.0,0.0,0.0,0.0,0.0,0.0,0.0,0.0,0.0,0.0,0.0,0.0,0.0,0.0,0.0,0.0,0.0,0.0,0.0,0.0,0.0,0.0,0.0,0.0,0.0,0.0,0.0,0.0,0.0,0.0,0.0,0.0,0.0,0.0,0.0,0.0,0.0,0.0,0.0,0.0,0.0,0.0,0.0,0.0,0.0,0.0,0.0,0.0,0.0,0.0,0.0,0.0,0.0,0.0,0.0,0.0,0.0,0.0,0.0,0.0
0.0,0,0.0,0.0,0.023107085813681878,0.023153563125698946,1.0,36.44444444444444,984,27,0.053738317757009345,0.046838407494145196,0.053738317757009345,0.053738317757009345,0.7730942964553833,0.8794248104095459,0.8228386640548706,0.0,0.0,0.0,0.8809879541397094,0.938362979888916,0.9087310791015625,0.0,0.0,0.0,0.0,0.0,0.0,0.0,0.0,0.0,0.0,0.0,0.0,0.0,0.0,0.0,0.0,0.0,0.0,0.0,0.0,0.0,0.0,0.0,0.0,0.0,0.0,0.0,0.0,0.0,0.0,0.0,0.0,0.0,0.0,0.0,0.0,0.0,0.0,0.0,0.0,0.0,0.0,0.0,0.0,0.0,0.0,0.0,0.0,0.0,0.0,0.0,0.0,0.0,0.0,0.0,0.0,0.0,0.0,0.0,0.0,0.0,0.0,0.0,0.0,0.0,0.0,0.0,0.0,0.0,0.0,0.0,0.0,0.0,0.0,0.0,0.0,0.0,0.0,0.0,0.0
0.0,0,0.0,0.0,0.017504648601755397,0.019487201619874855,1.0,27.11111111111111,976,36,0.07101947308132875,0.050516647531572915,0.06414662084765177,0.06414662084765177,0.766109824180603,0.8634467124938965,0.8118712306022644,0.0,0.0,0.0,0.8578890562057495,0.824465423822403,0.8407272100448608,0.0,0.0,0.0,0.0,0.0,0.0,0.0,0.0,0.0,0.0,0.0,0.0,0.0,0.0,0.0,0.0,0.0,0.0,0.0,0.0,0.0,0.0,0.0,0.0,0.0,0.0,0.0,0.0,0.0,0.0,0.0,0.0,0.0,0.0,0.0,0.0,0.0,0.0,0.0,0.0,0.0,0.0,0.0,0.0,0.0,0.0,0.0,0.0,0.0,0.0,0.0,0.0,0.0,0.0,0.0,0.0,0.0,0.0,0.0,0.0,0.0,0.0,0.0,0.0,0.0,0.0,0.0,0.0,0.0,0.0,0.0,0.0,0.0,0.0,0.0,0.0,0.0,0.0,0.0,0.0
0.0,0,0.0,0.0,0.0,0.0002168256721595837,1.0,576.5,1153,2,0.0,0.0,0.0,0.0,0.6988503336906433,0.9076154232025146,0.7896680235862732,0.0,0.0,0.0,0.816543847322464,0.898308128118515,0.8554709255695343,0.0,0.0,0.0,0.0,0.0,0.0,0.0,0.0,0.0,0.0,0.0,0.0,0.0,0.0,0.0,0.0,0.0,0.0,0.0,0.0,0.0,0.0,0.0,0.0,0.0,0.0,0.0,0.0,0.0,0.0,0.0,0.0,0.0,0.0,0.0,0.0,0.0,0.0,0.0,0.0,0.0,0.0,0.0,0.0,0.0,0.0,0.0,0.0,0.0,0.0,0.0,0.0,0.0,0.0,0.0,0.0,0.0,0.0,0.0,0.0,0.0,0.0,0.0,0.0,0.0,0.0,0.0,0.0,0.0,0.0,0.0,0.0,0.0,0.0,0.0,0.0,0.0,0.0,0.0,0.0
1.0,1,1.0,1.0,0.02482386397915609,0.024984660820803015,1.0,32.96774193548387,1022,31,0.05574136008918618,0.04916201117318436,0.05128205128205129,0.05574136008918618,0.7817624807357788,0.9095634818077087,0.8408345580101013,0.0,0.0,0.0,0.8990615904331207,0.8882403075695038,0.8934564292430878,1.0,1.0,1.0,1.0,1.0,1.0,1.0,1.0,1.0,1.0,1.0,1.0,1.0,1.0,1.0,1.0,1.0,1.0,1.0,1.0,1.0,0.5,0.3333333333333333,0.25,0.2,0.16666666666666666,0.14285714285714285,0.125,0.1111111111111111,0.1,0.09090909090909091,0.08333333333333333,0.07692307692307693,0.07142857142857142,0.06666666666666667,0.0625,0.058823529411764705,0.05555555555555555,0.05263157894736842,0.05,1.0,0.6666666666666666,0.5,0.4,0.33333333333333337,0.2857142857142857,0.25,0.2222222222222222,0.19999999999999998,0.18181818181818182,0.16666666666666669,0.15384615384615385,0.14285714285714288,0.13333333333333333,0.125,0.11764705882352941,0.1111111111111111,0.10526315789473684,0.1,0.09523809523809523,1.0,1.0,1.0,1.0,1.0,1.0,1.0,1.0,1.0,1.0,1.0,1.0,1.0,1.0,1.0,1.0,1.0,1.0,1.0,1.0
0.5,1,0.6309297535714575,0.0,0.021402292969265217,0.021667094725602437,1.0,31.966666666666665,959,30,0.0575373993095512,0.04844290657439446,0.05523590333716916,0.0575373993095512,0.7630982398986816,0.8891299962997437,0.8213073015213013,0.0,0.0,0.0,0.8705338835716248,0.874050498008728,0.8722870945930481,0.0,1.0,1.0,1.0,1.0,1.0,1.0,1.0,1.0,1.0,1.0,1.0,1.0,1.0,1.0,1.0,1.0,1.0,1.0,1.0,0.0,0.5,0.3333333333333333,0.25,0.2,0.16666666666666666,0.14285714285714285,0.125,0.1111111111111111,0.1,0.09090909090909091,0.08333333333333333,0.07692307692307693,0.07142857142857142,0.06666666666666667,0.0625,0.058823529411764705,0.05555555555555555,0.05263157894736842,0.05,0.0,0.6666666666666666,0.5,0.4,0.33333333333333337,0.2857142857142857,0.25,0.2222222222222222,0.19999999999999998,0.18181818181818182,0.16666666666666669,0.15384615384615385,0.14285714285714288,0.13333333333333333,0.125,0.11764705882352941,0.1111111111111111,0.10526315789473684,0.1,0.09523809523809523,0.0,0.5,0.5,0.5,0.5,0.5,0.5,0.5,0.5,0.5,0.5,0.5,0.5,0.5,0.5,0.5,0.5,0.5,0.5,0.5
1.0,1,1.0,1.0,0.0113450147510025,0.011880607619898141,1.0,50.333333333333336,906,18,0.030805687203791468,0.02375296912114014,0.030805687203791468,0.030805687203791468,0.7445799112319946,0.872717022895813,0.8035723567008972,0.0,0.0,0.0,0.8669500350952148,0.8879525661468506,0.8773228824138641,1.0,1.0,1.0,1.0,1.0,1.0,1.0,1.0,1.0,1.0,1.0,1.0,1.0,1.0,1.0,1.0,1.0,1.0,1.0,1.0,1.0,0.5,0.3333333333333333,0.25,0.2,0.16666666666666666,0.14285714285714285,0.125,0.1111111111111111,0.1,0.09090909090909091,0.08333333333333333,0.07692307692307693,0.07142857142857142,0.06666666666666667,0.0625,0.058823529411764705,0.05555555555555555,0.05263157894736842,0.05,1.0,0.6666666666666666,0.5,0.4,0.33333333333333337,0.2857142857142857,0.25,0.2222222222222222,0.19999999999999998,0.18181818181818182,0.16666666666666669,0.15384615384615385,0.14285714285714288,0.13333333333333333,0.125,0.11764705882352941,0.1111111111111111,0.10526315789473684,0.1,0.09523809523809523,1.0,1.0,1.0,1.0,1.0,1.0,1.0,1.0,1.0,1.0,1.0,1.0,1.0,1.0,1.0,1.0,1.0,1.0,1.0,1.0
0.0,0,0.0,0.0,0.0,0.003964898150944663,1.0,55.64705882352941,946,17,0.022031823745410035,0.009815950920245398,0.022031823745410035,0.022031823745410035,0.7479612827301025,0.8467830419540405,0.7943102717399597,0.0,0.0,0.0,0.9022643864154816,0.8514330089092255,0.876095324754715,0.0,0.0,0.0,0.0,0.0,0.0,0.0,0.0,0.0,0.0,0.0,0.0,0.0,0.0,0.0,0.0,0.0,0.0,0.0,0.0,0.0,0.0,0.0,0.0,0.0,0.0,0.0,0.0,0.0,0.0,0.0,0.0,0.0,0.0,0.0,0.0,0.0,0.0,0.0,0.0,0.0,0.0,0.0,0.0,0.0,0.0,0.0,0.0,0.0,0.0,0.0,0.0,0.0,0.0,0.0,0.0,0.0,0.0,0.0,0.0,0.0,0.0,0.0,0.0,0.0,0.0,0.0,0.0,0.0,0.0,0.0,0.0,0.0,0.0,0.0,0.0,0.0,0.0,0.0,0.0
1.0,1,1.0,1.0,0.026352134954988293,0.026469296511287328,1.0,33.107142857142854,927,28,0.050724637681159424,0.04842615012106538,0.04830917874396135,0.050724637681159424,0.7756327390670776,0.9262169599533081,0.8442627787590027,0.0,0.0,0.0,0.909171849489212,0.888939380645752,0.898705929517746,1.0,1.0,1.0,1.0,1.0,1.0,1.0,1.0,1.0,1.0,1.0,1.0,1.0,1.0,1.0,1.0,1.0,1.0,1.0,1.0,1.0,0.5,0.3333333333333333,0.25,0.2,0.16666666666666666,0.14285714285714285,0.125,0.1111111111111111,0.1,0.09090909090909091,0.08333333333333333,0.07692307692307693,0.07142857142857142,0.06666666666666667,0.0625,0.058823529411764705,0.05555555555555555,0.05263157894736842,0.05,1.0,0.6666666666666666,0.5,0.4,0.33333333333333337,0.2857142857142857,0.25,0.2222222222222222,0.19999999999999998,0.18181818181818182,0.16666666666666669,0.15384615384615385,0.14285714285714288,0.13333333333333333,0.125,0.11764705882352941,0.1111111111111111,0.10526315789473684,0.1,0.09523809523809523,1.0,1.0,1.0,1.0,1.0,1.0,1.0,1.0,1.0,1.0,1.0,1.0,1.0,1.0,1.0,1.0,1.0,1.0,1.0,1.0
0.07142857142857142,1,0.2559580248098155,0.0,0.00946758605191327,0.011115258635291843,1.0,42.32,1058,25,0.04932735426008968,0.03370786516853933,0.04035874439461883,0.044843049327354265,0.7502503991127014,0.8309506177902222,0.7885410785675049,0.0,0.0,0.0,0.8820181488990784,0.8793821930885315,0.8806685507297516,0.0,0.0,0.0,0.0,0.0,0.0,0.0,0.0,0.0,0.0,0.0,0.0,0.0,1.0,1.0,1.0,1.0,1.0,1.0,1.0,0.0,0.0,0.0,0.0,0.0,0.0,0.0,0.0,0.0,0.0,0.0,0.0,0.0,0.07142857142857142,0.06666666666666667,0.0625,0.058823529411764705,0.05555555555555555,0.05263157894736842,0.05,0.0,0.0,0.0,0.0,0.0,0.0,0.0,0.0,0.0,0.0,0.0,0.0,0.0,0.13333333333333333,0.125,0.11764705882352941,0.1111111111111111,0.10526315789473684,0.1,0.09523809523809523,0.0,0.0,0.0,0.0,0.0,0.0,0.0,0.0,0.0,0.0,0.0,0.0,0.0,0.07142857142857142,0.07142857142857142,0.07142857142857142,0.07142857142857142,0.07142857142857142,0.07142857142857142,0.07142857142857142
0.16666666666666666,1,0.3562071871080222,0.0,0.02958489083855876,0.029651669097771508,1.0,30.4,912,30,0.061714285714285715,0.059564719358533795,0.061714285714285715,0.061714285714285715,0.7612383365631104,0.9034857749938965,0.826284646987915,0.0,0.0,0.0,0.9109366834163666,0.8874663710594177,0.8989049196243286,0.0,0.0,0.0,0.0,0.0,1.0,1.0,1.0,1.0,1.0,1.0,1.0,1.0,1.0,1.0,1.0,1.0,1.0,1.0,1.0,0.0,0.0,0.0,0.0,0.0,0.16666666666666666,0.14285714285714285,0.125,0.1111111111111111,0.1,0.09090909090909091,0.08333333333333333,0.07692307692307693,0.07142857142857142,0.06666666666666667,0.0625,0.058823529411764705,0.05555555555555555,0.05263157894736842,0.05,0.0,0.0,0.0,0.0,0.0,0.2857142857142857,0.25,0.2222222222222222,0.19999999999999998,0.18181818181818182,0.16666666666666669,0.15384615384615385,0.14285714285714288,0.13333333333333333,0.125,0.11764705882352941,0.1111111111111111,0.10526315789473684,0.1,0.09523809523809523,0.0,0.0,0.0,0.0,0.0,0.16666666666666666,0.16666666666666666,0.16666666666666666,0.16666666666666666,0.16666666666666666,0.16666666666666666,0.16666666666666666,0.16666666666666666,0.16666666666666666,0.16666666666666666,0.16666666666666666,0.16666666666666666,0.16666666666666666,0.16666666666666666,0.16666666666666666
0.0,0,0.0,0.0,0.0,0.0024309737214704818,1.0,92.6,926,10,0.01182033096926714,0.004739336492890995,0.01182033096926714,0.01182033096926714,0.7449967861175537,0.8042346239089966,0.773483157157898,0.0,0.0,0.0,0.9156747460365295,0.9012002348899841,0.9083798229694366,0.0,0.0,0.0,0.0,0.0,0.0,0.0,0.0,0.0,0.0,0.0,0.0,0.0,0.0,0.0,0.0,0.0,0.0,0.0,0.0,0.0,0.0,0.0,0.0,0.0,0.0,0.0,0.0,0.0,0.0,0.0,0.0,0.0,0.0,0.0,0.0,0.0,0.0,0.0,0.0,0.0,0.0,0.0,0.0,0.0,0.0,0.0,0.0,0.0,0.0,0.0,0.0,0.0,0.0,0.0,0.0,0.0,0.0,0.0,0.0,0.0,0.0,0.0,0.0,0.0,0.0,0.0,0.0,0.0,0.0,0.0,0.0,0.0,0.0,0.0,0.0,0.0,0.0,0.0,0.0
1.0,1,1.0,1.0,0.007013101549026024,0.007918354149805,1.0,65.05882352941177,1106,17,0.028540065861690448,0.0176017601760176,0.026344676180021953,0.026344676180021953,0.7579911947250366,0.8740146160125732,0.8118786811828613,0.0,0.0,0.0,0.8750005066394806,0.8290296494960785,0.8513606190681458,1.0,1.0,1.0,1.0,1.0,1.0,1.0,1.0,1.0,1.0,1.0,1.0,1.0,1.0,1.0,1.0,1.0,1.0,1.0,1.0,1.0,0.5,0.3333333333333333,0.25,0.2,0.16666666666666666,0.14285714285714285,0.125,0.1111111111111111,0.1,0.09090909090909091,0.08333333333333333,0.07692307692307693,0.07142857142857142,0.06666666666666667,0.0625,0.058823529411764705,0.05555555555555555,0.05263157894736842,0.05,1.0,0.6666666666666666,0.5,0.4,0.33333333333333337,0.2857142857142857,0.25,0.2222222222222222,0.19999999999999998,0.18181818181818182,0.16666666666666669,0.15384615384615385,0.14285714285714288,0.13333333333333333,0.125,0.11764705882352941,0.1111111111111111,0.10526315789473684,0.1,0.09523809523809523,1.0,1.0,1.0,1.0,1.0,1.0,1.0,1.0,1.0,1.0,1.0,1.0,1.0,1.0,1.0,1.0,1.0,1.0,1.0,1.0
0.0,0,0.0,0.0,0.0054649137495261174,0.005834996041928793,1.0,107.25,858,8,0.018372703412073494,0.015789473684210527,0.018372703412073494,0.018372703412073494,0.7323602437973022,0.8914341926574707,0.8041054606437683,0.0,0.0,0.0,0.9179823994636536,0.9162365198135376,0.9171085953712463,0.0,0.0,0.0,0.0,0.0,0.0,0.0,0.0,0.0,0.0,0.0,0.0,0.0,0.0,0.0,0.0,0.0,0.0,0.0,0.0,0.0,0.0,0.0,0.0,0.0,0.0,0.0,0.0,0.0,0.0,0.0,0.0,0.0,0.0,0.0,0.0,0.0,0.0,0.0,0.0,0.0,0.0,0.0,0.0,0.0,0.0,0.0,0.0,0.0,0.0,0.0,0.0,0.0,0.0,0.0,0.0,0.0,0.0,0.0,0.0,0.0,0.0,0.0,0.0,0.0,0.0,0.0,0.0,0.0,0.0,0.0,0.0,0.0,0.0,0.0,0.0,0.0,0.0,0.0,0.0
1.0,1,1.0,1.0,0.018510031291627833,0.018546581575074876,1.0,47.25,945,20,0.04161849710982659,0.039397450753186555,0.04161849710982659,0.04161849710982659,0.7666947245597839,0.9180341362953186,0.8355669975280762,0.0,0.0,0.0,0.9287926256656647,0.8999886810779572,0.9141589403152466,1.0,1.0,1.0,1.0,1.0,1.0,1.0,1.0,1.0,1.0,1.0,1.0,1.0,1.0,1.0,1.0,1.0,1.0,1.0,1.0,1.0,0.5,0.3333333333333333,0.25,0.2,0.16666666666666666,0.14285714285714285,0.125,0.1111111111111111,0.1,0.09090909090909091,0.08333333333333333,0.07692307692307693,0.07142857142857142,0.06666666666666667,0.0625,0.058823529411764705,0.05555555555555555,0.05263157894736842,0.05,1.0,0.6666666666666666,0.5,0.4,0.33333333333333337,0.2857142857142857,0.25,0.2222222222222222,0.19999999999999998,0.18181818181818182,0.16666666666666669,0.15384615384615385,0.14285714285714288,0.13333333333333333,0.125,0.11764705882352941,0.1111111111111111,0.10526315789473684,0.1,0.09523809523809523,1.0,1.0,1.0,1.0,1.0,1.0,1.0,1.0,1.0,1.0,1.0,1.0,1.0,1.0,1.0,1.0,1.0,1.0,1.0,1.0
1.0,1,1.0,1.0,0.007083649511790022,0.007997970031007441,1.0,64.41176470588235,1095,17,0.0286028602860286,0.017640573318632852,0.024202420242024205,0.024202420242024205,0.7586609125137329,0.870324969291687,0.8106657862663269,0.0,0.0,0.0,0.8822304308414459,0.8707848489284515,0.8764567673206329,1.0,1.0,1.0,1.0,1.0,1.0,1.0,1.0,1.0,1.0,1.0,1.0,1.0,1.0,1.0,1.0,1.0,1.0,1.0,1.0,1.0,0.5,0.3333333333333333,0.25,0.2,0.16666666666666666,0.14285714285714285,0.125,0.1111111111111111,0.1,0.09090909090909091,0.08333333333333333,0.07692307692307693,0.07142857142857142,0.06666666666666667,0.0625,0.058823529411764705,0.05555555555555555,0.05263157894736842,0.05,1.0,0.6666666666666666,0.5,0.4,0.33333333333333337,0.2857142857142857,0.25,0.2222222222222222,0.19999999999999998,0.18181818181818182,0.16666666666666669,0.15384615384615385,0.14285714285714288,0.13333333333333333,0.125,0.11764705882352941,0.1111111111111111,0.10526315789473684,0.1,0.09523809523809523,1.0,1.0,1.0,1.0,1.0,1.0,1.0,1.0,1.0,1.0,1.0,1.0,1.0,1.0,1.0,1.0,1.0,1.0,1.0,1.0
1.0,1,1.0,1.0,0.0189497655165692,0.019012624513586013,1.0,46.75,935,20,0.045023696682464455,0.04275534441805225,0.045023696682464455,0.045023696682464455,0.7719390988349915,0.9284670948982239,0.8429986238479614,0.0,0.0,0.0,0.0,0.0,0.0,1.0,1.0,1.0,1.0,1.0,1.0,1.0,1.0,1.0,1.0,1.0,1.0,1.0,1.0,1.0,1.0,1.0,1.0,1.0,1.0,1.0,0.5,0.3333333333333333,0.25,0.2,0.16666666666666666,0.14285714285714285,0.125,0.1111111111111111,0.1,0.09090909090909091,0.08333333333333333,0.07692307692307693,0.07142857142857142,0.06666666666666667,0.0625,0.058823529411764705,0.05555555555555555,0.05263157894736842,0.05,1.0,0.6666666666666666,0.5,0.4,0.33333333333333337,0.2857142857142857,0.25,0.2222222222222222,0.19999999999999998,0.18181818181818182,0.16666666666666669,0.15384615384615385,0.14285714285714288,0.13333333333333333,0.125,0.11764705882352941,0.1111111111111111,0.10526315789473684,0.1,0.09523809523809523,1.0,1.0,1.0,1.0,1.0,1.0,1.0,1.0,1.0,1.0,1.0,1.0,1.0,1.0,1.0,1.0,1.0,1.0,1.0,1.0
0.0,0,0.0,0.0,0.0,0.003550210562082351,1.0,34.0,986,29,0.023391812865497075,0.002344665885111372,0.021052631578947368,0.021052631578947368,0.7399370670318604,0.8265392184257507,0.7808442115783691,0.0,0.0,0.0,0.8984177708625793,0.8348451852798462,0.8654061555862427,0.0,0.0,0.0,0.0,0.0,0.0,0.0,0.0,0.0,0.0,0.0,0.0,0.0,0.0,0.0,0.0,0.0,0.0,0.0,0.0,0.0,0.0,0.0,0.0,0.0,0.0,0.0,0.0,0.0,0.0,0.0,0.0,0.0,0.0,0.0,0.0,0.0,0.0,0.0,0.0,0.0,0.0,0.0,0.0,0.0,0.0,0.0,0.0,0.0,0.0,0.0,0.0,0.0,0.0,0.0,0.0,0.0,0.0,0.0,0.0,0.0,0.0,0.0,0.0,0.0,0.0,0.0,0.0,0.0,0.0,0.0,0.0,0.0,0.0,0.0,0.0,0.0,0.0,0.0,0.0
0.0,0,0.0,0.0,0.017040153896337444,0.01799402869944713,1.0,30.06451612903226,932,31,0.06067677946324388,0.03976608187134503,0.0560093348891482,0.06067677946324388,0.7712675333023071,0.8968149423599243,0.8293166160583496,0.0,0.0,0.0,0.8810650408267975,0.9008683562278748,0.8908184766769409,0.0,0.0,0.0,0.0,0.0,0.0,0.0,0.0,0.0,0.0,0.0,0.0,0.0,0.0,0.0,0.0,0.0,0.0,0.0,0.0,0.0,0.0,0.0,0.0,0.0,0.0,0.0,0.0,0.0,0.0,0.0,0.0,0.0,0.0,0.0,0.0,0.0,0.0,0.0,0.0,0.0,0.0,0.0,0.0,0.0,0.0,0.0,0.0,0.0,0.0,0.0,0.0,0.0,0.0,0.0,0.0,0.0,0.0,0.0,0.0,0.0,0.0,0.0,0.0,0.0,0.0,0.0,0.0,0.0,0.0,0.0,0.0,0.0,0.0,0.0,0.0,0.0,0.0,0.0,0.0
0.0,0,0.0,0.0,0.009205942005005395,0.009656032803170981,1.0,61.5625,985,16,0.03211009174311927,0.022988505747126433,0.02981651376146789,0.03211009174311927,0.7630101442337036,0.881554901599884,0.8180099725723267,0.0,0.0,0.0,0.8894307315349579,0.9100929498672485,0.8996379375457764,0.0,0.0,0.0,0.0,0.0,0.0,0.0,0.0,0.0,0.0,0.0,0.0,0.0,0.0,0.0,0.0,0.0,0.0,0.0,0.0,0.0,0.0,0.0,0.0,0.0,0.0,0.0,0.0,0.0,0.0,0.0,0.0,0.0,0.0,0.0,0.0,0.0,0.0,0.0,0.0,0.0,0.0,0.0,0.0,0.0,0.0,0.0,0.0,0.0,0.0,0.0,0.0,0.0,0.0,0.0,0.0,0.0,0.0,0.0,0.0,0.0,0.0,0.0,0.0,0.0,0.0,0.0,0.0,0.0,0.0,0.0,0.0,0.0,0.0,0.0,0.0,0.0,0.0,0.0,0.0
0.0,0,0.0,0.0,0.0,0.007036750419045823,1.0,38.77272727272727,853,22,0.038860103626943004,0.018181818181818184,0.02849740932642487,0.03626943005181347,0.7724340558052063,0.8664752244949341,0.816756546497345,0.0,0.0,0.0,0.9214844405651093,0.9336772263050079,0.9275144636631012,0.0,0.0,0.0,0.0,0.0,0.0,0.0,0.0,0.0,0.0,0.0,0.0,0.0,0.0,0.0,0.0,0.0,0.0,0.0,0.0,0.0,0.0,0.0,0.0,0.0,0.0,0.0,0.0,0.0,0.0,0.0,0.0,0.0,0.0,0.0,0.0,0.0,0.0,0.0,0.0,0.0,0.0,0.0,0.0,0.0,0.0,0.0,0.0,0.0,0.0,0.0,0.0,0.0,0.0,0.0,0.0,0.0,0.0,0.0,0.0,0.0,0.0,0.0,0.0,0.0,0.0,0.0,0.0,0.0,0.0,0.0,0.0,0.0,0.0,0.0,0.0,0.0,0.0,0.0,0.0
0.0,0,0.0,0.0,0.0,0.0016901222497892247,1.0,259.0,1036,4,0.006772009029345373,0.004524886877828055,0.006772009029345373,0.006772009029345373,0.7347643375396729,0.8733556270599365,0.7980879545211792,0.0,0.0,0.0,0.9007051587104797,0.8983908593654633,0.8995459377765656,0.0,0.0,0.0,0.0,0.0,0.0,0.0,0.0,0.0,0.0,0.0,0.0,0.0,0.0,0.0,0.0,0.0,0.0,0.0,0.0,0.0,0.0,0.0,0.0,0.0,0.0,0.0,0.0,0.0,0.0,0.0,0.0,0.0,0.0,0.0,0.0,0.0,0.0,0.0,0.0,0.0,0.0,0.0,0.0,0.0,0.0,0.0,0.0,0.0,0.0,0.0,0.0,0.0,0.0,0.0,0.0,0.0,0.0,0.0,0.0,0.0,0.0,0.0,0.0,0.0,0.0,0.0,0.0,0.0,0.0,0.0,0.0,0.0,0.0,0.0,0.0,0.0,0.0,0.0,0.0
0.0,0,0.0,0.0,0.014204549578159227,0.014709564976704023,1.0,48.22222222222222,868,18,0.03792667509481669,0.03548795944233206,0.03792667509481669,0.03792667509481669,0.7668056488037109,0.8849998712539673,0.821674108505249,0.0,0.0,0.0,0.8958594501018524,0.8690411150455475,0.8818461894989014,0.0,0.0,0.0,0.0,0.0,0.0,0.0,0.0,0.0,0.0,0.0,0.0,0.0,0.0,0.0,0.0,0.0,0.0,0.0,0.0,0.0,0.0,0.0,0.0,0.0,0.0,0.0,0.0,0.0,0.0,0.0,0.0,0.0,0.0,0.0,0.0,0.0,0.0,0.0,0.0,0.0,0.0,0.0,0.0,0.0,0.0,0.0,0.0,0.0,0.0,0.0,0.0,0.0,0.0,0.0,0.0,0.0,0.0,0.0,0.0,0.0,0.0,0.0,0.0,0.0,0.0,0.0,0.0,0.0,0.0,0.0,0.0,0.0,0.0,0.0,0.0,0.0,0.0,0.0,0.0
0.0,0,0.0,0.0,0.0,0.010665248693689733,1.0,26.8,938,35,0.05227272727272728,0.02277904328018223,0.043181818181818175,0.05,0.7671382427215576,0.8583990335464478,0.8102068901062012,0.0,0.0,0.0,0.8745920658111572,0.9331474602222443,0.9028819799423218,0.0,0.0,0.0,0.0,0.0,0.0,0.0,0.0,0.0,0.0,0.0,0.0,0.0,0.0,0.0,0.0,0.0,0.0,0.0,0.0,0.0,0.0,0.0,0.0,0.0,0.0,0.0,0.0,0.0,0.0,0.0,0.0,0.0,0.0,0.0,0.0,0.0,0.0,0.0,0.0,0.0,0.0,0.0,0.0,0.0,0.0,0.0,0.0,0.0,0.0,0.0,0.0,0.0,0.0,0.0,0.0,0.0,0.0,0.0,0.0,0.0,0.0,0.0,0.0,0.0,0.0,0.0,0.0,0.0,0.0,0.0,0.0,0.0,0.0,0.0,0.0,0.0,0.0,0.0,0.0
0.0,0,0.0,0.0,0.012482222363034668,0.01297185588566504,1.0,50.388888888888886,907,18,0.03731343283582089,0.027431421446384042,0.029850746268656716,0.03731343283582089,0.7587592005729675,0.9060576558113098,0.8258920907974243,0.0,0.0,0.0,0.8688852488994598,0.9100254774093628,0.8889785408973694,0.0,0.0,0.0,0.0,0.0,0.0,0.0,0.0,0.0,0.0,0.0,0.0,0.0,0.0,0.0,0.0,0.0,0.0,0.0,0.0,0.0,0.0,0.0,0.0,0.0,0.0,0.0,0.0,0.0,0.0,0.0,0.0,0.0,0.0,0.0,0.0,0.0,0.0,0.0,0.0,0.0,0.0,0.0,0.0,0.0,0.0,0.0,0.0,0.0,0.0,0.0,0.0,0.0,0.0,0.0,0.0,0.0,0.0,0.0,0.0,0.0,0.0,0.0,0.0,0.0,0.0,0.0,0.0,0.0,0.0,0.0,0.0,0.0,0.0,0.0,0.0,0.0,0.0,0.0,0.0
0.0,0,0.0,0.0,0.004047282204230262,0.006420534184806039,1.0,42.34782608695652,974,23,0.03369434416365824,0.012062726176115802,0.026474127557160044,0.031287605294825514,0.7635725736618042,0.8782655000686646,0.8169130086898804,0.0,0.0,0.0,0.8905975520610809,0.9239205718040466,0.9069339334964752,0.0,0.0,0.0,0.0,0.0,0.0,0.0,0.0,0.0,0.0,0.0,0.0,0.0,0.0,0.0,0.0,0.0,0.0,0.0,0.0,0.0,0.0,0.0,0.0,0.0,0.0,0.0,0.0,0.0,0.0,0.0,0.0,0.0,0.0,0.0,0.0,0.0,0.0,0.0,0.0,0.0,0.0,0.0,0.0,0.0,0.0,0.0,0.0,0.0,0.0,0.0,0.0,0.0,0.0,0.0,0.0,0.0,0.0,0.0,0.0,0.0,0.0,0.0,0.0,0.0,0.0,0.0,0.0,0.0,0.0,0.0,0.0,0.0,0.0,0.0,0.0,0.0,0.0,0.0,0.0
0.0,0,0.0,0.0,0.0,0.0034403669724770644,1.0,37.91304347826087,872,23,0.024242424242424246,0.0,0.019393939393939394,0.021818181818181816,0.7538920640945435,0.8523464798927307,0.8001018166542053,0.0,0.0,0.0,0.8561386466026306,0.9127508699893951,0.883500874042511,0.0,0.0,0.0,0.0,0.0,0.0,0.0,0.0,0.0,0.0,0.0,0.0,0.0,0.0,0.0,0.0,0.0,0.0,0.0,0.0,0.0,0.0,0.0,0.0,0.0,0.0,0.0,0.0,0.0,0.0,0.0,0.0,0.0,0.0,0.0,0.0,0.0,0.0,0.0,0.0,0.0,0.0,0.0,0.0,0.0,0.0,0.0,0.0,0.0,0.0,0.0,0.0,0.0,0.0,0.0,0.0,0.0,0.0,0.0,0.0,0.0,0.0,0.0,0.0,0.0,0.0,0.0,0.0,0.0,0.0,0.0,0.0,0.0,0.0,0.0,0.0,0.0,0.0,0.0,0.0
0.14285714285714285,1,0.3333333333333333,0.0,0.0,0.002662974493120886,1.0,46.95,939,20,0.016826923076923076,0.0024096385542168677,0.014423076923076924,0.016826923076923076,0.7522058486938477,0.8416659832000732,0.7944253087043762,0.0,0.0,0.0,0.8294131755828857,0.8617939352989197,0.8452797830104828,0.0,0.0,0.0,0.0,0.0,0.0,1.0,1.0,1.0,1.0,1.0,1.0,1.0,1.0,1.0,1.0,1.0,1.0,1.0,1.0,0.0,0.0,0.0,0.0,0.0,0.0,0.14285714285714285,0.125,0.1111111111111111,0.1,0.09090909090909091,0.08333333333333333,0.07692307692307693,0.07142857142857142,0.06666666666666667,0.0625,0.058823529411764705,0.05555555555555555,0.05263157894736842,0.05,0.0,0.0,0.0,0.0,0.0,0.0,0.25,0.2222222222222222,0.19999999999999998,0.18181818181818182,0.16666666666666669,0.15384615384615385,0.14285714285714288,0.13333333333333333,0.125,0.11764705882352941,0.1111111111111111,0.10526315789473684,0.1,0.09523809523809523,0.0,0.0,0.0,0.0,0.0,0.0,0.14285714285714285,0.14285714285714285,0.14285714285714285,0.14285714285714285,0.14285714285714285,0.14285714285714285,0.14285714285714285,0.14285714285714285,0.14285714285714285,0.14285714285714285,0.14285714285714285,0.14285714285714285,0.14285714285714285,0.14285714285714285
0.25,1,0.43067655807339306,0.0,0.010603395598358397,0.010700244740216233,1.0,77.38461538461539,1006,13,0.0274914089347079,0.025258323765786454,0.0274914089347079,0.0274914089347079,0.7696153521537781,0.8881623148918152,0.8246501684188843,0.0,0.0,0.0,0.8916043043136597,0.925457775592804,0.9082156717777252,0.0,0.0,0.0,1.0,1.0,1.0,1.0,1.0,1.0,1.0,1.0,1.0,1.0,1.0,1.0,1.0,1.0,1.0,1.0,1.0,0.0,0.0,0.0,0.25,0.2,0.16666666666666666,0.14285714285714285,0.125,0.1111111111111111,0.1,0.09090909090909091,0.08333333333333333,0.07692307692307693,0.07142857142857142,0.06666666666666667,0.0625,0.058823529411764705,0.05555555555555555,0.05263157894736842,0.05,0.0,0.0,0.0,0.4,0.33333333333333337,0.2857142857142857,0.25,0.2222222222222222,0.19999999999999998,0.18181818181818182,0.16666666666666669,0.15384615384615385,0.14285714285714288,0.13333333333333333,0.125,0.11764705882352941,0.1111111111111111,0.10526315789473684,0.1,0.09523809523809523,0.0,0.0,0.0,0.25,0.25,0.25,0.25,0.25,0.25,0.25,0.25,0.25,0.25,0.25,0.25,0.25,0.25,0.25,0.25,0.25
0.0,0,0.0,0.0,0.02246181105613231,0.02594926546885725,1.0,17.019607843137255,868,51,0.09405940594059406,0.05707196029776675,0.08168316831683169,0.09158415841584157,0.7678390741348267,0.8757597208023071,0.8182563185691833,0.0,0.0,0.0,0.9815163910388947,0.9913026392459869,0.9863849878311157,0.0,0.0,0.0,0.0,0.0,0.0,0.0,0.0,0.0,0.0,0.0,0.0,0.0,0.0,0.0,0.0,0.0,0.0,0.0,0.0,0.0,0.0,0.0,0.0,0.0,0.0,0.0,0.0,0.0,0.0,0.0,0.0,0.0,0.0,0.0,0.0,0.0,0.0,0.0,0.0,0.0,0.0,0.0,0.0,0.0,0.0,0.0,0.0,0.0,0.0,0.0,0.0,0.0,0.0,0.0,0.0,0.0,0.0,0.0,0.0,0.0,0.0,0.0,0.0,0.0,0.0,0.0,0.0,0.0,0.0,0.0,0.0,0.0,0.0,0.0,0.0,0.0,0.0,0.0,0.0
0.0,0,0.0,0.0,0.008654727695161199,0.01936770226218117,1.0,13.41025641025641,1046,78,0.0782608695652174,0.010893246187363833,0.052173913043478265,0.06086956521739131,0.7585468292236328,0.8203846216201782,0.7882547974586487,0.0,0.0,0.0,0.872606486082077,0.8762422800064087,0.8743908405303955,0.0,0.0,0.0,0.0,0.0,0.0,0.0,0.0,0.0,0.0,0.0,0.0,0.0,0.0,0.0,0.0,0.0,0.0,0.0,0.0,0.0,0.0,0.0,0.0,0.0,0.0,0.0,0.0,0.0,0.0,0.0,0.0,0.0,0.0,0.0,0.0,0.0,0.0,0.0,0.0,0.0,0.0,0.0,0.0,0.0,0.0,0.0,0.0,0.0,0.0,0.0,0.0,0.0,0.0,0.0,0.0,0.0,0.0,0.0,0.0,0.0,0.0,0.0,0.0,0.0,0.0,0.0,0.0,0.0,0.0,0.0,0.0,0.0,0.0,0.0,0.0,0.0,0.0,0.0,0.0
1.0,1,1.0,1.0,0.004723027788774305,0.004953898146807687,1.0,137.14285714285714,960,7,0.01343784994400896,0.01122334455667789,0.01343784994400896,0.01343784994400896,0.7391587495803833,0.8984231948852539,0.8110462427139282,0.0,0.0,0.0,0.9092867374420166,0.9276997745037079,0.9182704091072083,1.0,1.0,1.0,1.0,1.0,1.0,1.0,1.0,1.0,1.0,1.0,1.0,1.0,1.0,1.0,1.0,1.0,1.0,1.0,1.0,1.0,0.5,0.3333333333333333,0.25,0.2,0.16666666666666666,0.14285714285714285,0.125,0.1111111111111111,0.1,0.09090909090909091,0.08333333333333333,0.07692307692307693,0.07142857142857142,0.06666666666666667,0.0625,0.058823529411764705,0.05555555555555555,0.05263157894736842,0.05,1.0,0.6666666666666666,0.5,0.4,0.33333333333333337,0.2857142857142857,0.25,0.2222222222222222,0.19999999999999998,0.18181818181818182,0.16666666666666669,0.15384615384615385,0.14285714285714288,0.13333333333333333,0.125,0.11764705882352941,0.1111111111111111,0.10526315789473684,0.1,0.09523809523809523,1.0,1.0,1.0,1.0,1.0,1.0,1.0,1.0,1.0,1.0,1.0,1.0,1.0,1.0,1.0,1.0,1.0,1.0,1.0,1.0
0.0,0,0.0,0.0,0.008218546127831827,0.010156114932466317,1.0,52.1764705882353,887,17,0.039999999999999994,0.02506265664160401,0.034999999999999996,0.039999999999999994,0.7537577152252197,0.8757733106613159,0.8101974129676819,0.0,0.0,0.0,0.915468692779541,0.8997073769569397,0.9075048863887787,0.0,0.0,0.0,0.0,0.0,0.0,0.0,0.0,0.0,0.0,0.0,0.0,0.0,0.0,0.0,0.0,0.0,0.0,0.0,0.0,0.0,0.0,0.0,0.0,0.0,0.0,0.0,0.0,0.0,0.0,0.0,0.0,0.0,0.0,0.0,0.0,0.0,0.0,0.0,0.0,0.0,0.0,0.0,0.0,0.0,0.0,0.0,0.0,0.0,0.0,0.0,0.0,0.0,0.0,0.0,0.0,0.0,0.0,0.0,0.0,0.0,0.0,0.0,0.0,0.0,0.0,0.0,0.0,0.0,0.0,0.0,0.0,0.0,0.0,0.0,0.0,0.0,0.0,0.0,0.0
0.0,0,0.0,0.0,0.016687618364526268,0.017055315979904426,1.0,41.68,1042,25,0.04713804713804714,0.04049493813273341,0.04713804713804714,0.04713804713804714,0.7722913026809692,0.8895013332366943,0.8267627954483032,0.0,0.0,0.0,0.9029573202133179,0.9156234562397003,0.9092301726341248,0.0,0.0,0.0,0.0,0.0,0.0,0.0,0.0,0.0,0.0,0.0,0.0,0.0,0.0,0.0,0.0,0.0,0.0,0.0,0.0,0.0,0.0,0.0,0.0,0.0,0.0,0.0,0.0,0.0,0.0,0.0,0.0,0.0,0.0,0.0,0.0,0.0,0.0,0.0,0.0,0.0,0.0,0.0,0.0,0.0,0.0,0.0,0.0,0.0,0.0,0.0,0.0,0.0,0.0,0.0,0.0,0.0,0.0,0.0,0.0,0.0,0.0,0.0,0.0,0.0,0.0,0.0,0.0,0.0,0.0,0.0,0.0,0.0,0.0,0.0,0.0,0.0,0.0,0.0,0.0
0.0,0,0.0,0.0,0.004628151008669392,0.0071813904536149956,1.0,58.05555555555556,1045,18,0.030601092896174863,0.01533406352683461,0.024043715846994534,0.030601092896174863,0.7584868669509888,0.886216402053833,0.8173918128013611,0.0,0.0,0.0,0.8694875538349152,0.8506121635437012,0.8599145412445068,0.0,0.0,0.0,0.0,0.0,0.0,0.0,0.0,0.0,0.0,0.0,0.0,0.0,0.0,0.0,0.0,0.0,0.0,0.0,0.0,0.0,0.0,0.0,0.0,0.0,0.0,0.0,0.0,0.0,0.0,0.0,0.0,0.0,0.0,0.0,0.0,0.0,0.0,0.0,0.0,0.0,0.0,0.0,0.0,0.0,0.0,0.0,0.0,0.0,0.0,0.0,0.0,0.0,0.0,0.0,0.0,0.0,0.0,0.0,0.0,0.0,0.0,0.0,0.0,0.0,0.0,0.0,0.0,0.0,0.0,0.0,0.0,0.0,0.0,0.0,0.0,0.0,0.0,0.0,0.0
0.0,0,0.0,0.0,0.009751956089030898,0.011297163484897248,1.0,45.26086956521739,1041,23,0.03854875283446712,0.027272727272727275,0.031746031746031744,0.02947845804988662,0.737468957901001,0.8632317781448364,0.7954099178314209,0.0,0.0,0.0,0.8738320171833038,0.8466094136238098,0.8599012792110443,0.0,0.0,0.0,0.0,0.0,0.0,0.0,0.0,0.0,0.0,0.0,0.0,0.0,0.0,0.0,0.0,0.0,0.0,0.0,0.0,0.0,0.0,0.0,0.0,0.0,0.0,0.0,0.0,0.0,0.0,0.0,0.0,0.0,0.0,0.0,0.0,0.0,0.0,0.0,0.0,0.0,0.0,0.0,0.0,0.0,0.0,0.0,0.0,0.0,0.0,0.0,0.0,0.0,0.0,0.0,0.0,0.0,0.0,0.0,0.0,0.0,0.0,0.0,0.0,0.0,0.0,0.0,0.0,0.0,0.0,0.0,0.0,0.0,0.0,0.0,0.0,0.0,0.0,0.0,0.0
0.0,0,0.0,0.0,0.010901438472972484,0.011216051811972758,1.0,59.89473684210526,1138,19,0.032989690721649485,0.026859504132231406,0.032989690721649485,0.032989690721649485,0.7418597340583801,0.8700868487358093,0.8008732199668884,0.0,0.0,0.0,0.8174693882465363,0.8952741026878357,0.8545979559421539,0.0,0.0,0.0,0.0,0.0,0.0,0.0,0.0,0.0,0.0,0.0,0.0,0.0,0.0,0.0,0.0,0.0,0.0,0.0,0.0,0.0,0.0,0.0,0.0,0.0,0.0,0.0,0.0,0.0,0.0,0.0,0.0,0.0,0.0,0.0,0.0,0.0,0.0,0.0,0.0,0.0,0.0,0.0,0.0,0.0,0.0,0.0,0.0,0.0,0.0,0.0,0.0,0.0,0.0,0.0,0.0,0.0,0.0,0.0,0.0,0.0,0.0,0.0,0.0,0.0,0.0,0.0,0.0,0.0,0.0,0.0,0.0,0.0,0.0,0.0,0.0,0.0,0.0,0.0,0.0
0.0,0,0.0,0.0,0.02592450219137112,0.02594346072406735,1.0,36.666666666666664,1100,30,0.06106870229007634,0.05901639344262295,0.06106870229007634,0.06106870229007634,0.7608658671379089,0.9238710403442383,0.834482729434967,0.0,0.0,0.0,0.9277404546737671,0.8660602271556854,0.8958391547203064,0.0,0.0,0.0,0.0,0.0,0.0,0.0,0.0,0.0,0.0,0.0,0.0,0.0,0.0,0.0,0.0,0.0,0.0,0.0,0.0,0.0,0.0,0.0,0.0,0.0,0.0,0.0,0.0,0.0,0.0,0.0,0.0,0.0,0.0,0.0,0.0,0.0,0.0,0.0,0.0,0.0,0.0,0.0,0.0,0.0,0.0,0.0,0.0,0.0,0.0,0.0,0.0,0.0,0.0,0.0,0.0,0.0,0.0,0.0,0.0,0.0,0.0,0.0,0.0,0.0,0.0,0.0,0.0,0.0,0.0,0.0,0.0,0.0,0.0,0.0,0.0,0.0,0.0,0.0,0.0
0.0,0,0.0,0.0,0.007577060832235419,0.007875362796992238,1.0,81.71428571428571,1144,14,0.025559105431309907,0.0192102454642476,0.025559105431309907,0.025559105431309907,0.7530887126922607,0.8762530088424683,0.8100157976150513,0.0,0.0,0.0,0.9543752670288086,0.9147308766841888,0.9341301023960114,0.0,0.0,0.0,0.0,0.0,0.0,0.0,0.0,0.0,0.0,0.0,0.0,0.0,0.0,0.0,0.0,0.0,0.0,0.0,0.0,0.0,0.0,0.0,0.0,0.0,0.0,0.0,0.0,0.0,0.0,0.0,0.0,0.0,0.0,0.0,0.0,0.0,0.0,0.0,0.0,0.0,0.0,0.0,0.0,0.0,0.0,0.0,0.0,0.0,0.0,0.0,0.0,0.0,0.0,0.0,0.0,0.0,0.0,0.0,0.0,0.0,0.0,0.0,0.0,0.0,0.0,0.0,0.0,0.0,0.0,0.0,0.0,0.0,0.0,0.0,0.0,0.0,0.0,0.0,0.0
0.0,0,0.0,0.0,0.032311586691404215,0.03246721843518377,1.0,26.764705882352942,910,34,0.0739856801909308,0.06459330143540669,0.06205250596658711,0.07159904534606207,0.7768145203590393,0.9214341640472412,0.8429665565490723,0.0,0.0,0.0,0.8922844529151917,0.9196673035621643,0.9057332575321198,0.0,0.0,0.0,0.0,0.0,0.0,0.0,0.0,0.0,0.0,0.0,0.0,0.0,0.0,0.0,0.0,0.0,0.0,0.0,0.0,0.0,0.0,0.0,0.0,0.0,0.0,0.0,0.0,0.0,0.0,0.0,0.0,0.0,0.0,0.0,0.0,0.0,0.0,0.0,0.0,0.0,0.0,0.0,0.0,0.0,0.0,0.0,0.0,0.0,0.0,0.0,0.0,0.0,0.0,0.0,0.0,0.0,0.0,0.0,0.0,0.0,0.0,0.0,0.0,0.0,0.0,0.0,0.0,0.0,0.0,0.0,0.0,0.0,0.0,0.0,0.0,0.0,0.0,0.0,0.0
0.0,0,0.0,0.0,0.007252410694524767,0.007333776499443369,1.0,113.77777777777777,1024,9,0.013348164627363737,0.011148272017837234,0.013348164627363737,0.013348164627363737,0.7399047613143921,0.8111451864242554,0.7738889455795288,0.0,0.0,0.0,0.8877638280391693,0.8990867137908936,0.8933882117271423,0.0,0.0,0.0,0.0,0.0,0.0,0.0,0.0,0.0,0.0,0.0,0.0,0.0,0.0,0.0,0.0,0.0,0.0,0.0,0.0,0.0,0.0,0.0,0.0,0.0,0.0,0.0,0.0,0.0,0.0,0.0,0.0,0.0,0.0,0.0,0.0,0.0,0.0,0.0,0.0,0.0,0.0,0.0,0.0,0.0,0.0,0.0,0.0,0.0,0.0,0.0,0.0,0.0,0.0,0.0,0.0,0.0,0.0,0.0,0.0,0.0,0.0,0.0,0.0,0.0,0.0,0.0,0.0,0.0,0.0,0.0,0.0,0.0,0.0,0.0,0.0,0.0,0.0,0.0,0.0
0.0,0,0.0,0.0,0.011326932671517818,0.01283316313405589,1.0,40.625,975,24,0.04195804195804195,0.025700934579439255,0.03496503496503497,0.039627039627039624,0.7748607397079468,0.8812557458877563,0.8246406316757202,0.0,0.0,0.0,0.836786687374115,0.8855418562889099,0.8604547083377838,0.0,0.0,0.0,0.0,0.0,0.0,0.0,0.0,0.0,0.0,0.0,0.0,0.0,0.0,0.0,0.0,0.0,0.0,0.0,0.0,0.0,0.0,0.0,0.0,0.0,0.0,0.0,0.0,0.0,0.0,0.0,0.0,0.0,0.0,0.0,0.0,0.0,0.0,0.0,0.0,0.0,0.0,0.0,0.0,0.0,0.0,0.0,0.0,0.0,0.0,0.0,0.0,0.0,0.0,0.0,0.0,0.0,0.0,0.0,0.0,0.0,0.0,0.0,0.0,0.0,0.0,0.0,0.0,0.0,0.0,0.0,0.0,0.0,0.0,0.0,0.0,0.0,0.0,0.0,0.0
0.0,0,0.0,0.0,0.0,0.0024785806915376732,1.0,75.66666666666667,908,12,0.012330456226880393,0.004944375772558715,0.012330456226880393,0.012330456226880393,0.7375168800354004,0.8378103971481323,0.7844710350036621,0.0,0.0,0.0,0.8539439141750336,0.8899299502372742,0.8715572357177734,0.0,0.0,0.0,0.0,0.0,0.0,0.0,0.0,0.0,0.0,0.0,0.0,0.0,0.0,0.0,0.0,0.0,0.0,0.0,0.0,0.0,0.0,0.0,0.0,0.0,0.0,0.0,0.0,0.0,0.0,0.0,0.0,0.0,0.0,0.0,0.0,0.0,0.0,0.0,0.0,0.0,0.0,0.0,0.0,0.0,0.0,0.0,0.0,0.0,0.0,0.0,0.0,0.0,0.0,0.0,0.0,0.0,0.0,0.0,0.0,0.0,0.0,0.0,0.0,0.0,0.0,0.0,0.0,0.0,0.0,0.0,0.0,0.0,0.0,0.0,0.0,0.0,0.0,0.0,0.0
0.0,0,0.0,0.0,0.010845564061284762,0.013869841866795862,1.0,33.30769230769231,866,26,0.05425400739827374,0.037082818294190356,0.04932182490752158,0.05425400739827374,0.7675678730010986,0.8844254016876221,0.82186359167099,0.0,0.0,0.0,0.9308851957321167,0.9278312623500824,0.9293447434902191,0.0,0.0,0.0,0.0,0.0,0.0,0.0,0.0,0.0,0.0,0.0,0.0,0.0,0.0,0.0,0.0,0.0,0.0,0.0,0.0,0.0,0.0,0.0,0.0,0.0,0.0,0.0,0.0,0.0,0.0,0.0,0.0,0.0,0.0,0.0,0.0,0.0,0.0,0.0,0.0,0.0,0.0,0.0,0.0,0.0,0.0,0.0,0.0,0.0,0.0,0.0,0.0,0.0,0.0,0.0,0.0,0.0,0.0,0.0,0.0,0.0,0.0,0.0,0.0,0.0,0.0,0.0,0.0,0.0,0.0,0.0,0.0,0.0,0.0,0.0,0.0,0.0,0.0,0.0,0.0
0.0,0,0.0,0.0,0.0,0.0030152729615523085,1.0,59.888888888888886,1078,18,0.025559105431309903,0.0064034151547491995,0.025559105431309903,0.025559105431309903,0.7420189380645752,0.8541964292526245,0.7941659688949585,0.0,0.0,0.0,0.9097994863986969,0.8868874907493591,0.8981969952583313,0.0,0.0,0.0,0.0,0.0,0.0,0.0,0.0,0.0,0.0,0.0,0.0,0.0,0.0,0.0,0.0,0.0,0.0,0.0,0.0,0.0,0.0,0.0,0.0,0.0,0.0,0.0,0.0,0.0,0.0,0.0,0.0,0.0,0.0,0.0,0.0,0.0,0.0,0.0,0.0,0.0,0.0,0.0,0.0,0.0,0.0,0.0,0.0,0.0,0.0,0.0,0.0,0.0,0.0,0.0,0.0,0.0,0.0,0.0,0.0,0.0,0.0,0.0,0.0,0.0,0.0,0.0,0.0,0.0,0.0,0.0,0.0,0.0,0.0,0.0,0.0,0.0,0.0,0.0,0.0
0.0,0,0.0,0.0,0.02455580866347418,0.025090328856546173,1.0,27.515151515151516,908,33,0.0738095238095238,0.057279236276849645,0.07142857142857144,0.06428571428571428,0.7666534185409546,0.8823200464248657,0.8204300403594971,0.0,0.0,0.0,0.9510505199432373,0.8796912431716919,0.9139277637004852,0.0,0.0,0.0,0.0,0.0,0.0,0.0,0.0,0.0,0.0,0.0,0.0,0.0,0.0,0.0,0.0,0.0,0.0,0.0,0.0,0.0,0.0,0.0,0.0,0.0,0.0,0.0,0.0,0.0,0.0,0.0,0.0,0.0,0.0,0.0,0.0,0.0,0.0,0.0,0.0,0.0,0.0,0.0,0.0,0.0,0.0,0.0,0.0,0.0,0.0,0.0,0.0,0.0,0.0,0.0,0.0,0.0,0.0,0.0,0.0,0.0,0.0,0.0,0.0,0.0,0.0,0.0,0.0,0.0,0.0,0.0,0.0,0.0,0.0,0.0,0.0,0.0,0.0,0.0,0.0
0.0,0,0.0,0.0,0.01588695385478116,0.01718528912534533,1.0,27.363636363636363,903,33,0.052948255114320095,0.0361881785283474,0.0457280385078219,0.052948255114320095,0.7729563117027283,0.8800918459892273,0.8230522871017456,0.0,0.0,0.0,0.9100580513477325,0.9271617829799652,0.9185299873352051,0.0,0.0,0.0,0.0,0.0,0.0,0.0,0.0,0.0,0.0,0.0,0.0,0.0,0.0,0.0,0.0,0.0,0.0,0.0,0.0,0.0,0.0,0.0,0.0,0.0,0.0,0.0,0.0,0.0,0.0,0.0,0.0,0.0,0.0,0.0,0.0,0.0,0.0,0.0,0.0,0.0,0.0,0.0,0.0,0.0,0.0,0.0,0.0,0.0,0.0,0.0,0.0,0.0,0.0,0.0,0.0,0.0,0.0,0.0,0.0,0.0,0.0,0.0,0.0,0.0,0.0,0.0,0.0,0.0,0.0,0.0,0.0,0.0,0.0,0.0,0.0,0.0,0.0,0.0,0.0
0.0,0,0.0,0.0,0.022106928063084598,0.02251251560969428,1.0,35.5,923,26,0.05385556915544676,0.05153374233128834,0.05385556915544676,0.05385556915544676,0.780192494392395,0.9045773148536682,0.8377932906150818,0.0,0.0,0.0,0.9331739842891693,0.9226185977458954,0.9278634786605835,0.0,0.0,0.0,0.0,0.0,0.0,0.0,0.0,0.0,0.0,0.0,0.0,0.0,0.0,0.0,0.0,0.0,0.0,0.0,0.0,0.0,0.0,0.0,0.0,0.0,0.0,0.0,0.0,0.0,0.0,0.0,0.0,0.0,0.0,0.0,0.0,0.0,0.0,0.0,0.0,0.0,0.0,0.0,0.0,0.0,0.0,0.0,0.0,0.0,0.0,0.0,0.0,0.0,0.0,0.0,0.0,0.0,0.0,0.0,0.0,0.0,0.0,0.0,0.0,0.0,0.0,0.0,0.0,0.0,0.0,0.0,0.0,0.0,0.0,0.0,0.0,0.0,0.0,0.0,0.0
0.0,0,0.0,0.0,0.027889890385006725,0.02803427221827593,1.0,30.848484848484848,1018,33,0.06948968512486428,0.06311207834602829,0.06514657980456026,0.06948968512486428,0.7731003761291504,0.8742482662200928,0.8205690979957581,0.0,0.0,0.0,0.9072267115116119,0.9573347568511963,0.9315611124038696,0.0,0.0,0.0,0.0,0.0,0.0,0.0,0.0,0.0,0.0,0.0,0.0,0.0,0.0,0.0,0.0,0.0,0.0,0.0,0.0,0.0,0.0,0.0,0.0,0.0,0.0,0.0,0.0,0.0,0.0,0.0,0.0,0.0,0.0,0.0,0.0,0.0,0.0,0.0,0.0,0.0,0.0,0.0,0.0,0.0,0.0,0.0,0.0,0.0,0.0,0.0,0.0,0.0,0.0,0.0,0.0,0.0,0.0,0.0,0.0,0.0,0.0,0.0,0.0,0.0,0.0,0.0,0.0,0.0,0.0,0.0,0.0,0.0,0.0,0.0,0.0,0.0,0.0,0.0,0.0
0.0,0,0.0,0.0,0.0,0.0020857778522774028,1.0,95.9,959,10,0.01680672268907563,0.004813477737665463,0.014405762304921969,0.01680672268907563,0.7496411800384521,0.8563359975814819,0.7994443774223328,0.0,0.0,0.0,0.8912510871887207,0.8831127882003784,0.8866925537586212,0.0,0.0,0.0,0.0,0.0,0.0,0.0,0.0,0.0,0.0,0.0,0.0,0.0,0.0,0.0,0.0,0.0,0.0,0.0,0.0,0.0,0.0,0.0,0.0,0.0,0.0,0.0,0.0,0.0,0.0,0.0,0.0,0.0,0.0,0.0,0.0,0.0,0.0,0.0,0.0,0.0,0.0,0.0,0.0,0.0,0.0,0.0,0.0,0.0,0.0,0.0,0.0,0.0,0.0,0.0,0.0,0.0,0.0,0.0,0.0,0.0,0.0,0.0,0.0,0.0,0.0,0.0,0.0,0.0,0.0,0.0,0.0,0.0,0.0,0.0,0.0,0.0,0.0,0.0,0.0
0.0,0,0.0,0.0,0.0,0.004025518813729714,1.0,66.0,1056,16,0.027874564459930317,0.009313154831199068,0.02322880371660859,0.027874564459930317,0.7219538688659668,0.8348455429077148,0.7743065357208252,0.0,0.0,0.0,0.8811420500278473,0.9147321283817291,0.897219330072403,0.0,0.0,0.0,0.0,0.0,0.0,0.0,0.0,0.0,0.0,0.0,0.0,0.0,0.0,0.0,0.0,0.0,0.0,0.0,0.0,0.0,0.0,0.0,0.0,0.0,0.0,0.0,0.0,0.0,0.0,0.0,0.0,0.0,0.0,0.0,0.0,0.0,0.0,0.0,0.0,0.0,0.0,0.0,0.0,0.0,0.0,0.0,0.0,0.0,0.0,0.0,0.0,0.0,0.0,0.0,0.0,0.0,0.0,0.0,0.0,0.0,0.0,0.0,0.0,0.0,0.0,0.0,0.0,0.0,0.0,0.0,0.0,0.0,0.0,0.0,0.0,0.0,0.0,0.0,0.0
0.0,0,0.0,0.0,0.0026916035124297496,0.0031605934239394345,1.0,174.2,871,5,0.01008827238335435,0.007585335018963337,0.01008827238335435,0.01008827238335435,0.7393837571144104,0.8927265405654907,0.8088515400886536,0.0,0.0,0.0,0.9134809374809265,0.9304102659225464,0.9218010902404785,0.0,0.0,0.0,0.0,0.0,0.0,0.0,0.0,0.0,0.0,0.0,0.0,0.0,0.0,0.0,0.0,0.0,0.0,0.0,0.0,0.0,0.0,0.0,0.0,0.0,0.0,0.0,0.0,0.0,0.0,0.0,0.0,0.0,0.0,0.0,0.0,0.0,0.0,0.0,0.0,0.0,0.0,0.0,0.0,0.0,0.0,0.0,0.0,0.0,0.0,0.0,0.0,0.0,0.0,0.0,0.0,0.0,0.0,0.0,0.0,0.0,0.0,0.0,0.0,0.0,0.0,0.0,0.0,0.0,0.0,0.0,0.0,0.0,0.0,0.0,0.0,0.0,0.0,0.0,0.0
0.0,0,0.0,0.0,0.007634901486401745,0.008593489194531108,1.0,64.06666666666666,961,15,0.028135990621336458,0.01410105757931845,0.02344665885111372,0.028135990621336458,0.7514472007751465,0.9126431941986084,0.8242378830909729,0.0,0.0,0.0,0.9296953082084656,0.931753396987915,0.9307231903076172,0.0,0.0,0.0,0.0,0.0,0.0,0.0,0.0,0.0,0.0,0.0,0.0,0.0,0.0,0.0,0.0,0.0,0.0,0.0,0.0,0.0,0.0,0.0,0.0,0.0,0.0,0.0,0.0,0.0,0.0,0.0,0.0,0.0,0.0,0.0,0.0,0.0,0.0,0.0,0.0,0.0,0.0,0.0,0.0,0.0,0.0,0.0,0.0,0.0,0.0,0.0,0.0,0.0,0.0,0.0,0.0,0.0,0.0,0.0,0.0,0.0,0.0,0.0,0.0,0.0,0.0,0.0,0.0,0.0,0.0,0.0,0.0,0.0,0.0,0.0,0.0,0.0,0.0,0.0,0.0
0.0,0,0.0,0.0,0.0,0.001394156115623507,1.0,299.0,897,3,0.005128205128205128,0.0025706940874035992,0.005128205128205128,0.005128205128205128,0.7286694049835205,0.8678024411201477,0.7921732068061829,0.0,0.0,0.0,0.8992346525192261,0.8939049243927002,0.896561861038208,0.0,0.0,0.0,0.0,0.0,0.0,0.0,0.0,0.0,0.0,0.0,0.0,0.0,0.0,0.0,0.0,0.0,0.0,0.0,0.0,0.0,0.0,0.0,0.0,0.0,0.0,0.0,0.0,0.0,0.0,0.0,0.0,0.0,0.0,0.0,0.0,0.0,0.0,0.0,0.0,0.0,0.0,0.0,0.0,0.0,0.0,0.0,0.0,0.0,0.0,0.0,0.0,0.0,0.0,0.0,0.0,0.0,0.0,0.0,0.0,0.0,0.0,0.0,0.0,0.0,0.0,0.0,0.0,0.0,0.0,0.0,0.0,0.0,0.0,0.0,0.0,0.0,0.0,0.0,0.0
0.0,0,0.0,0.0,0.0,0.004794296255600081,1.0,59.13333333333333,887,15,0.02102496714848883,0.00790513833992095,0.02102496714848883,0.018396846254927726,0.7530956268310547,0.8655227422714233,0.8054046630859375,0.0,0.0,0.0,0.9075521230697632,0.8794167339801788,0.8932286500930786,0.0,0.0,0.0,0.0,0.0,0.0,0.0,0.0,0.0,0.0,0.0,0.0,0.0,0.0,0.0,0.0,0.0,0.0,0.0,0.0,0.0,0.0,0.0,0.0,0.0,0.0,0.0,0.0,0.0,0.0,0.0,0.0,0.0,0.0,0.0,0.0,0.0,0.0,0.0,0.0,0.0,0.0,0.0,0.0,0.0,0.0,0.0,0.0,0.0,0.0,0.0,0.0,0.0,0.0,0.0,0.0,0.0,0.0,0.0,0.0,0.0,0.0,0.0,0.0,0.0,0.0,0.0,0.0,0.0,0.0,0.0,0.0,0.0,0.0,0.0,0.0,0.0,0.0,0.0,0.0
0.0,0,0.0,0.0,0.0,0.0028561991178813607,1.0,68.78571428571429,963,14,0.021226415094339625,0.007092198581560284,0.018867924528301886,0.021226415094339625,0.7375109195709229,0.8632116317749023,0.7954258322715759,0.0,0.0,0.0,0.8663640022277832,0.8518437147140503,0.8590413928031921,0.0,0.0,0.0,0.0,0.0,0.0,0.0,0.0,0.0,0.0,0.0,0.0,0.0,0.0,0.0,0.0,0.0,0.0,0.0,0.0,0.0,0.0,0.0,0.0,0.0,0.0,0.0,0.0,0.0,0.0,0.0,0.0,0.0,0.0,0.0,0.0,0.0,0.0,0.0,0.0,0.0,0.0,0.0,0.0,0.0,0.0,0.0,0.0,0.0,0.0,0.0,0.0,0.0,0.0,0.0,0.0,0.0,0.0,0.0,0.0,0.0,0.0,0.0,0.0,0.0,0.0,0.0,0.0,0.0,0.0,0.0,0.0,0.0,0.0,0.0,0.0,0.0,0.0,0.0,0.0
0.0,0,0.0,0.0,0.0,0.004277681201067954,1.0,41.416666666666664,994,24,0.022857142857142857,0.009163802978235967,0.018285714285714284,0.022857142857142857,0.7493842244148254,0.8484432697296143,0.7958431839942932,0.0,0.0,0.0,0.8693467676639557,0.8442268669605255,0.8565642833709717,0.0,0.0,0.0,0.0,0.0,0.0,0.0,0.0,0.0,0.0,0.0,0.0,0.0,0.0,0.0,0.0,0.0,0.0,0.0,0.0,0.0,0.0,0.0,0.0,0.0,0.0,0.0,0.0,0.0,0.0,0.0,0.0,0.0,0.0,0.0,0.0,0.0,0.0,0.0,0.0,0.0,0.0,0.0,0.0,0.0,0.0,0.0,0.0,0.0,0.0,0.0,0.0,0.0,0.0,0.0,0.0,0.0,0.0,0.0,0.0,0.0,0.0,0.0,0.0,0.0,0.0,0.0,0.0,0.0,0.0,0.0,0.0,0.0,0.0,0.0,0.0,0.0,0.0,0.0,0.0
0.0,0,0.0,0.0,0.0,0.0002538071065989848,1.0,492.5,985,2,0.0,0.0,0.0,0.0,0.7233821749687195,0.9154341220855713,0.8081548810005188,0.0,0.0,0.0,0.9203744828701019,0.9376459419727325,0.9289005100727081,0.0,0.0,0.0,0.0,0.0,0.0,0.0,0.0,0.0,0.0,0.0,0.0,0.0,0.0,0.0,0.0,0.0,0.0,0.0,0.0,0.0,0.0,0.0,0.0,0.0,0.0,0.0,0.0,0.0,0.0,0.0,0.0,0.0,0.0,0.0,0.0,0.0,0.0,0.0,0.0,0.0,0.0,0.0,0.0,0.0,0.0,0.0,0.0,0.0,0.0,0.0,0.0,0.0,0.0,0.0,0.0,0.0,0.0,0.0,0.0,0.0,0.0,0.0,0.0,0.0,0.0,0.0,0.0,0.0,0.0,0.0,0.0,0.0,0.0,0.0,0.0,0.0,0.0,0.0,0.0
0.0,0,0.0,0.0,0.037528481454770016,0.03758808255087712,1.0,23.613636363636363,1039,44,0.08099688473520249,0.07700312174817897,0.08099688473520249,0.08099688473520249,0.7884982228279114,0.8666663765907288,0.8257364630699158,0.0,0.0,0.0,0.9472745060920715,0.9538782835006714,0.9505640864372253,0.0,0.0,0.0,0.0,0.0,0.0,0.0,0.0,0.0,0.0,0.0,0.0,0.0,0.0,0.0,0.0,0.0,0.0,0.0,0.0,0.0,0.0,0.0,0.0,0.0,0.0,0.0,0.0,0.0,0.0,0.0,0.0,0.0,0.0,0.0,0.0,0.0,0.0,0.0,0.0,0.0,0.0,0.0,0.0,0.0,0.0,0.0,0.0,0.0,0.0,0.0,0.0,0.0,0.0,0.0,0.0,0.0,0.0,0.0,0.0,0.0,0.0,0.0,0.0,0.0,0.0,0.0,0.0,0.0,0.0,0.0,0.0,0.0,0.0,0.0,0.0,0.0,0.0,0.0,0.0
0.0,0,0.0,0.0,0.0058402255104756905,0.008215648736962877,1.0,44.95238095238095,944,21,0.03962703962703963,0.01869158878504673,0.03962703962703963,0.03962703962703963,0.7641103267669678,0.8664840459823608,0.8120835423469543,0.0,0.0,0.0,0.8887703120708466,0.8835758864879608,0.8861478269100189,0.0,0.0,0.0,0.0,0.0,0.0,0.0,0.0,0.0,0.0,0.0,0.0,0.0,0.0,0.0,0.0,0.0,0.0,0.0,0.0,0.0,0.0,0.0,0.0,0.0,0.0,0.0,0.0,0.0,0.0,0.0,0.0,0.0,0.0,0.0,0.0,0.0,0.0,0.0,0.0,0.0,0.0,0.0,0.0,0.0,0.0,0.0,0.0,0.0,0.0,0.0,0.0,0.0,0.0,0.0,0.0,0.0,0.0,0.0,0.0,0.0,0.0,0.0,0.0,0.0,0.0,0.0,0.0,0.0,0.0,0.0,0.0,0.0,0.0,0.0,0.0,0.0,0.0,0.0,0.0
0.0,0,0.0,0.0,0.0,0.003116614659545991,1.0,87.54545454545455,963,11,0.01895734597156398,0.007125890736342042,0.01895734597156398,0.01895734597156398,0.7572210431098938,0.8732943534851074,0.8111262321472168,0.0,0.0,0.0,0.8579482436180115,0.860623836517334,0.8592520356178284,0.0,0.0,0.0,0.0,0.0,0.0,0.0,0.0,0.0,0.0,0.0,0.0,0.0,0.0,0.0,0.0,0.0,0.0,0.0,0.0,0.0,0.0,0.0,0.0,0.0,0.0,0.0,0.0,0.0,0.0,0.0,0.0,0.0,0.0,0.0,0.0,0.0,0.0,0.0,0.0,0.0,0.0,0.0,0.0,0.0,0.0,0.0,0.0,0.0,0.0,0.0,0.0,0.0,0.0,0.0,0.0,0.0,0.0,0.0,0.0,0.0,0.0,0.0,0.0,0.0,0.0,0.0,0.0,0.0,0.0,0.0,0.0,0.0,0.0,0.0,0.0,0.0,0.0,0.0,0.0
